user_id,event,event_time
1,register,2019-11-09 05:47:27
2,register,2019-09-11 19:07:47
3,register,2019-09-30 10:47:37
4,register,2019-11-03 13:57:45
5,createPost,2019-09-03 11:08:27
6,register,2019-10-01 19:59:20
7,createPost,2019-09-27 02:09:55
8,createPost,2019-09-27 15:37:49
9,createPost,2019-09-17 16:14:28
10,comment,2019-09-06 16:19:50
11,createPost,2019-11-16 08:10:38
12,register,2019-11-19 14:54:10
13,comment,2019-10-13 01:27:03
14,register,2019-11-11 22:13:45
15,register,2019-11-23 19:52:19
16,register,2019-09-27 07:45:15
17,comment,2019-10-15 08:37:38
18,comment,2019-11-19 06:44:58
19,register,2019-10-16 18:21:58
20,comment,2019-12-06 06:56:26
21,comment,2019-10-18 10:07:01
22,register,2019-11-13 03:05:47
23,comment,2019-09-28 20:34:00
24,comment,2019-09-06 04:01:31
25,createPost,2019-11-18 13:22:52
26,register,2019-08-13 02:30:43
27,comment,2019-10-08 18:27:01
28,createPost,2019-09-19 04:31:54
29,comment,2019-09-22 10:23:53
30,comment,2019-10-25 04:00:29
31,register,2019-11-21 14:04:32
32,register,2019-09-28 10:41:43
33,comment,2019-10-28 08:17:42
34,register,2019-11-14 09:52:22
35,comment,2019-10-27 04:33:40
36,comment,2019-11-19 06:19:18
37,comment,2019-08-18 16:49:32
38,createPost,2019-12-08 21:36:08
39,register,2019-11-10 06:19:45
40,register,2019-09-29 16:36:21
41,comment,2019-12-28 07:51:42
42,register,2019-12-15 18:47:39
43,comment,2019-11-29 22:03:09
44,comment,2019-12-09 17:57:08
45,createPost,2019-08-05 23:43:04
46,comment,2019-12-07 02:20:32
47,register,2019-08-20 13:34:43
48,createPost,2019-12-06 23:35:00
49,register,2019-11-09 12:33:06
50,comment,2019-12-18 00:54:02
51,comment,2019-10-11 02:22:09
52,createPost,2019-08-20 13:54:23
53,register,2019-09-05 08:33:57
54,createPost,2019-09-22 09:54:51
55,register,2019-10-01 19:43:38
56,createPost,2019-08-10 17:43:14
57,register,2019-08-02 22:24:30
58,createPost,2019-11-20 17:03:35
59,comment,2019-08-15 11:41:09
60,register,2019-09-21 23:26:21
61,register,2019-09-20 03:18:48
62,register,2019-12-12 21:33:12
63,comment,2019-08-31 10:02:13
64,comment,2019-10-29 07:56:12
65,createPost,2019-11-26 15:28:21
66,register,2019-08-10 07:43:44
67,createPost,2019-10-31 10:00:53
68,createPost,2019-11-29 05:56:05
69,register,2019-10-03 01:03:57
70,register,2019-09-27 22:21:39
71,comment,2019-12-27 22:25:56
72,comment,2019-11-23 01:28:03
73,register,2019-11-14 04:54:37
74,register,2019-10-15 15:48:10
75,createPost,2019-09-26 07:56:44
76,createPost,2019-09-06 09:51:24
77,register,2019-08-12 22:05:10
78,register,2019-12-21 05:22:24
79,createPost,2019-10-27 08:44:31
80,register,2019-10-26 08:53:14
81,createPost,2019-08-30 03:06:52
82,createPost,2019-11-02 06:11:17
83,comment,2019-10-10 11:59:10
84,comment,2019-11-06 03:20:29
85,createPost,2019-08-16 02:33:52
86,register,2019-11-26 03:51:04
87,comment,2019-08-26 10:30:25
88,comment,2019-10-23 06:49:07
89,createPost,2019-09-08 03:06:48
90,comment,2019-12-01 09:11:15
91,comment,2019-09-22 13:11:49
92,createPost,2019-09-21 20:14:12
93,register,2019-09-20 14:30:42
94,register,2019-08-23 16:28:09
95,createPost,2019-08-13 01:25:02
96,comment,2019-09-03 09:50:33
97,comment,2019-09-22 00:38:29
98,createPost,2019-09-08 00:29:28
99,comment,2019-10-10 08:38:04
100,createPost,2019-08-18 05:56:08
101,comment,2019-09-10 19:00:41
102,register,2019-08-05 06:22:52
103,comment,2019-11-19 18:01:46
104,register,2019-12-13 13:36:46
105,comment,2019-09-10 08:26:25
106,createPost,2019-08-31 01:44:02
107,createPost,2019-12-18 06:46:23
108,createPost,2019-09-11 07:05:28
109,createPost,2019-11-12 05:25:06
110,createPost,2019-11-23 17:30:55
111,createPost,2019-09-24 10:50:27
112,createPost,2019-11-24 09:01:10
113,register,2019-08-23 13:30:02
114,register,2019-11-20 15:34:51
115,createPost,2019-09-02 03:43:04
116,register,2019-09-13 20:01:53
117,register,2019-11-18 09:25:08
118,comment,2019-10-12 19:15:39
119,comment,2019-10-12 07:12:14
120,comment,2019-09-24 12:45:09
121,createPost,2019-12-16 17:56:08
122,createPost,2019-08-05 11:11:42
123,comment,2019-11-11 12:11:10
124,comment,2019-10-14 05:52:55
125,createPost,2019-08-05 04:34:13
126,register,2019-11-25 12:46:34
127,register,2019-08-18 18:54:00
128,createPost,2019-10-10 03:04:25
129,comment,2019-12-22 19:43:01
130,register,2019-08-09 18:15:53
131,createPost,2019-10-07 21:30:02
132,comment,2019-09-11 16:46:40
133,comment,2019-10-15 05:45:12
134,createPost,2019-10-31 13:39:57
135,createPost,2019-08-05 11:47:45
136,comment,2019-09-21 01:16:05
137,createPost,2019-10-22 00:31:02
138,createPost,2019-11-18 19:25:27
139,comment,2019-08-22 22:48:17
140,createPost,2019-08-29 16:54:43
141,register,2019-08-25 05:16:03
142,register,2019-10-09 05:10:27
143,createPost,2019-08-10 06:48:38
144,comment,2019-10-09 10:12:04
145,createPost,2019-12-22 11:45:56
146,comment,2019-11-22 06:57:00
147,comment,2019-11-03 02:43:01
148,comment,2019-12-13 12:20:02
149,register,2019-10-21 14:46:47
150,comment,2019-10-12 16:27:45
151,comment,2019-11-01 00:02:55
152,register,2019-10-10 21:44:22
153,createPost,2019-11-10 02:48:12
154,comment,2019-09-25 22:46:25
155,register,2019-11-17 01:52:46
156,register,2019-11-05 07:23:49
157,createPost,2019-12-21 22:04:38
158,comment,2019-11-08 14:07:10
159,comment,2019-09-03 10:50:38
160,register,2019-12-03 06:21:52
161,register,2019-09-16 23:30:54
162,comment,2019-12-19 07:51:09
163,register,2019-10-28 05:38:07
164,register,2019-12-20 06:56:34
165,comment,2019-12-02 03:12:35
166,comment,2019-08-12 18:36:16
167,comment,2019-10-19 10:44:29
168,createPost,2019-10-25 19:06:10
169,comment,2019-11-12 10:25:42
170,register,2019-09-16 00:06:35
171,comment,2019-10-20 11:45:00
172,comment,2019-09-13 07:13:33
173,createPost,2019-11-01 14:54:50
174,createPost,2019-12-27 08:29:59
175,createPost,2019-08-06 01:19:05
176,register,2019-08-28 18:05:04
177,createPost,2019-12-25 15:54:12
178,register,2019-12-09 05:03:12
179,createPost,2019-11-17 12:30:10
180,register,2019-11-07 23:02:01
181,createPost,2019-12-25 02:18:03
182,createPost,2019-09-30 15:58:58
183,createPost,2019-10-04 16:57:55
184,createPost,2019-09-20 21:23:03
185,createPost,2019-11-17 14:34:39
186,createPost,2019-09-20 22:11:58
187,register,2019-08-13 02:03:34
188,register,2019-10-05 10:45:42
189,comment,2019-09-22 20:22:07
190,createPost,2019-11-26 22:09:22
191,comment,2019-11-19 15:05:49
192,register,2019-08-12 12:57:07
193,createPost,2019-10-02 12:11:12
194,createPost,2019-08-01 15:41:51
195,comment,2019-09-04 04:09:52
196,comment,2019-08-07 20:46:02
197,createPost,2019-12-14 10:35:10
198,createPost,2019-09-17 05:44:22
199,createPost,2019-08-07 17:33:16
200,register,2019-08-17 01:08:14
201,register,2019-09-01 06:09:31
202,comment,2019-10-06 02:15:40
203,register,2019-12-09 06:19:40
204,createPost,2019-10-14 13:33:21
205,createPost,2019-12-14 19:57:43
206,createPost,2019-09-19 03:01:13
207,comment,2019-12-12 22:24:05
208,comment,2019-10-26 09:35:05
209,createPost,2019-08-06 19:48:54
210,comment,2019-12-24 12:34:20
211,register,2019-10-06 16:39:11
212,comment,2019-10-03 23:48:41
213,register,2019-08-07 06:56:47
214,register,2019-12-05 00:27:00
215,register,2019-12-19 23:30:02
216,comment,2019-09-06 18:27:43
217,comment,2019-08-08 02:40:30
218,createPost,2019-11-06 08:11:22
219,register,2019-10-16 13:48:13
220,createPost,2019-10-20 09:43:47
221,comment,2019-10-08 10:49:56
222,createPost,2019-12-13 17:54:21
223,createPost,2019-09-18 17:57:15
224,comment,2019-12-24 09:49:36
225,createPost,2019-12-24 13:14:08
226,register,2019-08-29 12:29:58
227,createPost,2019-11-23 12:32:17
228,register,2019-10-11 12:56:54
229,createPost,2019-08-08 13:55:39
230,register,2019-11-17 17:04:26
231,register,2019-10-04 22:52:33
232,createPost,2019-12-12 02:23:41
233,createPost,2019-11-25 14:59:37
234,comment,2019-12-18 13:36:34
235,comment,2019-08-09 17:41:52
236,register,2019-08-20 22:27:43
237,register,2019-10-16 12:09:18
238,comment,2019-10-07 13:58:47
239,comment,2019-09-20 05:25:30
240,comment,2019-09-17 08:00:23
241,register,2019-09-05 05:22:20
242,createPost,2019-11-14 23:37:44
243,createPost,2019-10-01 06:56:41
244,register,2019-09-06 17:23:15
245,register,2019-11-15 00:47:48
246,register,2019-11-23 20:37:52
247,createPost,2019-08-14 05:00:51
248,register,2019-09-13 16:21:44
249,createPost,2019-09-17 17:40:51
250,createPost,2019-09-23 01:53:59
251,register,2019-11-04 12:51:25
252,register,2019-09-11 22:18:13
253,comment,2019-09-19 18:03:17
254,comment,2019-09-21 02:50:03
255,createPost,2019-10-28 15:14:26
256,comment,2019-12-08 08:56:57
257,comment,2019-12-03 16:45:29
258,createPost,2019-11-23 22:27:21
259,createPost,2019-11-05 15:26:30
260,register,2019-11-16 19:31:21
261,createPost,2019-11-04 17:34:13
262,register,2019-11-27 03:14:33
263,register,2019-12-29 05:07:14
264,register,2019-12-16 08:26:56
265,comment,2019-10-06 05:18:24
266,createPost,2019-08-13 11:14:26
267,comment,2019-10-08 10:26:31
268,comment,2019-11-01 13:03:52
269,comment,2019-08-27 09:21:48
270,createPost,2019-08-31 15:09:31
271,comment,2019-08-26 20:30:18
272,createPost,2019-09-16 15:26:14
273,createPost,2019-11-09 23:42:43
274,comment,2019-09-04 10:54:29
275,createPost,2019-10-05 00:39:35
276,createPost,2019-09-16 15:17:25
277,createPost,2019-10-09 14:00:52
278,comment,2019-10-22 02:04:27
279,createPost,2019-11-10 16:04:02
280,register,2019-09-06 16:08:59
281,createPost,2019-11-06 18:48:03
282,comment,2019-10-08 12:48:19
283,comment,2019-11-12 02:02:27
284,comment,2019-10-22 22:31:15
285,createPost,2019-11-10 00:54:49
286,comment,2019-10-20 00:14:36
287,comment,2019-09-06 14:42:45
288,createPost,2019-08-12 07:50:35
289,register,2019-08-14 17:11:03
290,register,2019-08-30 00:40:17
291,createPost,2019-12-30 05:36:08
292,comment,2019-12-27 17:01:45
293,register,2019-12-10 09:55:27
294,comment,2019-09-28 00:35:27
295,register,2019-12-07 17:39:13
296,createPost,2019-12-05 12:28:11
297,createPost,2019-09-28 04:48:07
298,register,2019-12-24 23:50:03
299,createPost,2019-09-02 11:34:34
300,createPost,2019-09-15 21:25:54
301,comment,2019-12-14 05:29:47
302,createPost,2019-11-14 10:27:14
303,comment,2019-11-14 03:02:05
304,comment,2019-10-01 16:53:19
305,createPost,2019-10-23 23:58:56
306,register,2019-08-19 00:41:01
307,comment,2019-12-04 03:48:41
308,createPost,2019-11-23 01:15:40
309,createPost,2019-08-09 17:17:16
310,createPost,2019-08-06 05:54:53
311,createPost,2019-09-14 18:44:07
312,register,2019-09-08 01:13:13
313,createPost,2019-10-15 03:20:23
314,createPost,2019-09-08 15:08:05
315,comment,2019-10-15 22:12:19
316,comment,2019-12-05 02:37:10
317,createPost,2019-12-23 12:00:51
318,createPost,2019-11-29 10:19:04
319,register,2019-08-02 18:41:15
320,createPost,2019-08-16 11:26:19
321,comment,2019-10-11 01:55:00
322,register,2019-08-27 08:00:54
323,createPost,2019-10-29 03:08:27
324,createPost,2019-10-15 19:21:01
325,register,2019-09-29 04:36:05
326,createPost,2019-08-18 00:27:52
327,createPost,2019-09-07 12:01:32
328,createPost,2019-09-07 04:27:17
329,register,2019-09-27 01:38:08
330,createPost,2019-11-21 22:43:39
331,register,2019-10-06 11:34:41
332,register,2019-11-28 10:18:54
333,createPost,2019-12-17 08:54:38
334,comment,2019-08-28 04:29:13
335,comment,2019-08-02 07:28:51
336,register,2019-09-28 06:08:21
337,comment,2019-09-02 18:50:20
338,register,2019-11-21 11:14:13
339,comment,2019-12-10 19:23:06
340,register,2019-11-19 18:45:47
341,comment,2019-12-05 14:43:41
342,comment,2019-12-22 10:02:42
343,createPost,2019-10-11 04:46:40
344,register,2019-09-04 02:56:15
345,register,2019-08-11 12:15:10
346,comment,2019-09-22 03:58:16
347,register,2019-10-27 05:58:43
348,register,2019-12-27 14:28:50
349,register,2019-12-23 19:37:38
350,comment,2019-10-23 05:30:45
351,register,2019-10-22 01:48:32
352,comment,2019-12-08 20:33:59
353,comment,2019-08-12 12:31:16
354,comment,2019-12-04 23:51:03
355,createPost,2019-11-10 23:20:13
356,createPost,2019-09-26 19:02:28
357,comment,2019-09-03 19:30:04
358,register,2019-10-31 16:07:56
359,createPost,2019-11-14 18:08:35
360,comment,2019-10-30 08:50:43
361,comment,2019-11-15 15:04:27
362,register,2019-08-30 03:32:24
363,comment,2019-08-01 20:35:51
364,createPost,2019-08-08 08:43:46
365,createPost,2019-12-03 11:03:35
366,register,2019-08-06 18:01:02
367,register,2019-09-10 20:04:25
368,createPost,2019-10-25 03:23:30
369,comment,2019-08-14 02:40:20
370,comment,2019-11-15 08:16:18
371,register,2019-08-19 14:04:52
372,register,2019-09-22 16:06:52
373,comment,2019-09-22 01:56:42
374,comment,2019-12-17 22:24:21
375,createPost,2019-12-19 13:02:14
376,createPost,2019-12-23 10:20:31
377,register,2019-08-13 13:35:20
378,comment,2019-10-06 23:46:45
379,comment,2019-11-22 05:21:54
380,register,2019-10-03 00:53:46
381,comment,2019-12-12 07:02:54
382,createPost,2019-12-18 11:03:39
383,comment,2019-09-29 04:58:20
384,comment,2019-10-10 21:20:53
385,register,2019-12-01 17:06:22
386,comment,2019-12-22 22:42:04
387,createPost,2019-12-30 00:36:12
388,register,2019-10-11 20:02:33
389,register,2019-11-08 04:26:17
390,register,2019-08-09 08:14:27
391,createPost,2019-12-01 03:35:02
392,createPost,2019-10-14 05:46:40
393,register,2019-08-03 15:11:30
394,register,2019-08-12 07:37:04
395,register,2019-11-16 23:48:03
396,register,2019-10-19 23:14:51
397,createPost,2019-10-18 01:30:45
398,createPost,2019-10-04 13:49:30
399,register,2019-12-11 19:36:33
400,createPost,2019-11-08 16:48:13
401,comment,2019-10-03 10:00:06
402,createPost,2019-11-26 05:40:05
403,register,2019-11-12 01:39:22
404,register,2019-10-10 03:11:09
405,register,2019-09-22 08:11:29
406,register,2019-10-05 12:21:39
407,register,2019-10-18 20:33:34
408,register,2019-08-28 00:33:57
409,register,2019-10-24 00:25:09
410,register,2019-10-02 00:23:34
411,createPost,2019-12-02 03:58:15
412,comment,2019-11-01 01:57:32
413,register,2019-11-24 21:59:20
414,comment,2019-09-19 02:06:00
415,createPost,2019-08-01 20:25:41
416,createPost,2019-09-13 06:33:59
417,comment,2019-12-09 09:52:34
418,comment,2019-09-17 01:55:28
419,comment,2019-10-23 23:20:00
420,createPost,2019-12-02 21:11:11
421,comment,2019-12-21 10:49:18
422,comment,2019-12-15 14:12:02
423,register,2019-10-21 07:12:01
424,register,2019-08-18 17:41:56
425,createPost,2019-12-21 19:20:57
426,comment,2019-08-08 20:55:56
427,createPost,2019-10-05 04:47:38
428,createPost,2019-10-17 07:00:19
429,comment,2019-09-22 21:37:12
430,register,2019-09-28 16:07:25
431,register,2019-11-16 13:19:28
432,createPost,2019-08-30 06:42:14
433,createPost,2019-12-03 14:50:43
434,comment,2019-11-21 21:25:36
435,comment,2019-09-15 21:47:30
436,register,2019-10-16 16:24:04
437,register,2019-08-18 15:01:20
438,createPost,2019-10-18 06:26:30
439,register,2019-08-24 01:38:29
440,createPost,2019-11-22 05:50:44
441,comment,2019-11-09 16:42:40
442,createPost,2019-09-27 08:49:14
443,createPost,2019-11-07 23:57:55
444,comment,2019-08-04 19:43:11
445,comment,2019-12-17 12:55:41
446,comment,2019-10-25 16:26:21
447,register,2019-08-20 08:02:29
448,register,2019-08-05 21:34:15
449,createPost,2019-08-14 15:58:25
450,comment,2019-10-27 02:33:42
451,comment,2019-08-02 22:54:41
452,comment,2019-08-26 11:02:39
453,comment,2019-10-16 10:27:13
454,comment,2019-11-14 15:24:46
455,register,2019-08-11 17:14:50
456,comment,2019-09-22 18:37:33
457,createPost,2019-12-14 02:43:49
458,comment,2019-11-30 06:15:13
459,createPost,2019-11-23 21:56:11
460,comment,2019-08-06 19:11:10
461,comment,2019-10-19 08:58:52
462,register,2019-09-26 03:38:33
463,comment,2019-11-12 19:26:08
464,createPost,2019-10-01 11:47:59
465,register,2019-08-26 04:47:45
466,register,2019-08-10 17:27:58
467,comment,2019-09-15 05:25:26
468,createPost,2019-08-07 15:52:36
469,createPost,2019-11-25 21:49:50
470,createPost,2019-10-09 18:47:47
471,register,2019-09-15 12:05:03
472,register,2019-09-20 21:19:24
473,register,2019-08-21 22:07:32
474,register,2019-12-04 17:28:05
475,register,2019-11-27 03:09:45
476,comment,2019-11-02 19:06:15
477,createPost,2019-10-26 08:47:50
478,createPost,2019-09-12 20:15:14
479,register,2019-09-08 11:11:48
480,createPost,2019-11-09 11:23:07
481,register,2019-12-02 05:31:48
482,register,2019-11-25 10:38:25
483,comment,2019-08-31 18:52:07
484,createPost,2019-12-11 03:16:36
485,createPost,2019-09-01 00:04:50
486,register,2019-08-20 05:01:06
487,createPost,2019-12-16 07:36:58
488,comment,2019-11-03 12:55:45
489,comment,2019-08-19 01:16:34
490,register,2019-12-04 11:32:14
491,createPost,2019-12-20 16:08:55
492,register,2019-09-03 19:40:08
493,register,2019-10-06 12:00:14
494,comment,2019-08-03 23:14:22
495,comment,2019-11-03 18:05:59
496,createPost,2019-08-08 23:22:44
497,createPost,2019-08-25 06:17:31
498,comment,2019-09-21 19:44:21
499,createPost,2019-10-31 11:09:32
500,register,2019-11-20 15:08:16
501,register,2019-11-01 21:23:33
502,comment,2019-09-16 03:19:45
503,comment,2019-10-21 14:28:46
504,register,2019-08-22 08:50:19
505,register,2019-08-29 19:57:11
506,createPost,2019-08-17 20:30:13
507,createPost,2019-08-02 00:03:39
508,comment,2019-08-12 22:26:48
509,comment,2019-09-04 10:43:23
510,register,2019-09-14 19:48:35
511,createPost,2019-09-23 22:13:01
512,createPost,2019-10-29 13:11:58
513,comment,2019-08-16 15:05:59
514,createPost,2019-12-25 11:56:33
515,comment,2019-10-18 09:46:46
516,register,2019-09-25 13:35:21
517,createPost,2019-08-25 19:03:56
518,register,2019-12-19 05:15:35
519,createPost,2019-08-24 14:31:50
520,createPost,2019-10-12 07:33:14
521,createPost,2019-09-20 20:46:31
522,register,2019-11-03 21:36:09
523,createPost,2019-08-16 00:49:34
524,comment,2019-10-10 08:27:23
525,comment,2019-08-01 01:17:09
526,register,2019-08-29 17:25:56
527,createPost,2019-09-20 16:59:12
528,comment,2019-12-17 17:44:50
529,createPost,2019-08-17 15:29:12
530,register,2019-10-29 09:58:46
531,register,2019-12-25 19:56:29
532,comment,2019-10-16 11:42:28
533,createPost,2019-12-30 21:18:32
534,register,2019-08-03 12:31:33
535,register,2019-10-20 10:50:42
536,register,2019-10-04 12:13:05
537,createPost,2019-11-21 02:14:14
538,comment,2019-08-07 00:31:04
539,comment,2019-10-16 01:09:58
540,createPost,2019-10-07 22:52:18
541,comment,2019-09-07 11:56:39
542,register,2019-10-30 16:04:18
543,comment,2019-08-13 07:36:17
544,register,2019-12-03 13:19:13
545,comment,2019-08-31 06:17:43
546,comment,2019-10-06 04:12:27
547,register,2019-09-16 11:53:59
548,register,2019-12-07 15:24:56
549,register,2019-12-21 06:36:45
550,createPost,2019-10-24 15:23:34
551,comment,2019-11-03 01:39:06
552,register,2019-12-26 00:02:54
553,register,2019-08-22 04:18:15
554,comment,2019-08-18 23:57:13
555,createPost,2019-08-06 13:34:10
556,createPost,2019-08-01 10:51:29
557,register,2019-08-29 05:42:18
558,comment,2019-08-21 06:05:22
559,comment,2019-09-25 22:16:23
560,createPost,2019-08-08 22:26:36
561,comment,2019-12-20 11:47:56
562,createPost,2019-09-30 16:23:16
563,createPost,2019-11-01 03:06:25
564,comment,2019-08-15 05:30:29
565,comment,2019-08-16 20:31:05
566,register,2019-09-07 17:46:44
567,register,2019-11-10 09:56:01
568,comment,2019-09-30 06:29:42
569,register,2019-09-23 20:04:22
570,register,2019-11-04 05:57:08
571,comment,2019-09-12 10:17:20
572,createPost,2019-08-02 21:37:45
573,comment,2019-08-20 05:08:48
574,register,2019-08-24 00:34:30
575,comment,2019-08-03 01:56:11
576,comment,2019-12-15 11:11:31
577,register,2019-08-20 05:06:03
578,createPost,2019-10-01 00:18:00
579,register,2019-12-03 03:24:19
580,createPost,2019-11-01 18:08:45
581,comment,2019-11-21 08:00:10
582,createPost,2019-11-12 09:05:24
583,createPost,2019-08-15 19:12:08
584,createPost,2019-12-05 09:23:52
585,createPost,2019-11-01 09:02:24
586,register,2019-08-23 23:39:22
587,createPost,2019-09-14 05:17:37
588,createPost,2019-10-23 15:45:55
589,comment,2019-10-23 04:05:58
590,createPost,2019-11-09 17:49:42
591,comment,2019-12-17 11:34:40
592,register,2019-10-04 19:22:19
593,createPost,2019-10-24 23:02:12
594,createPost,2019-08-18 19:16:28
595,comment,2019-12-16 17:28:23
596,createPost,2019-09-11 12:52:59
597,comment,2019-09-23 19:23:39
598,comment,2019-08-28 10:15:55
599,register,2019-09-14 02:48:02
600,comment,2019-12-22 10:44:48
601,createPost,2019-08-19 23:34:38
602,comment,2019-10-06 11:55:14
603,register,2019-10-19 20:01:34
604,comment,2019-08-06 21:57:49
605,comment,2019-09-30 12:54:17
606,createPost,2019-09-17 06:21:29
607,register,2019-12-14 09:48:48
608,register,2019-11-18 14:50:59
609,register,2019-09-22 15:37:45
610,comment,2019-12-30 16:11:22
611,register,2019-11-29 07:19:11
612,createPost,2019-10-21 21:35:37
613,comment,2019-11-28 00:04:43
614,createPost,2019-09-16 14:50:08
615,register,2019-12-10 09:21:36
616,register,2019-08-30 12:30:15
617,register,2019-09-27 03:04:52
618,comment,2019-09-21 13:14:07
619,createPost,2019-12-26 22:18:52
620,createPost,2019-08-01 13:17:13
621,createPost,2019-10-07 15:38:11
622,createPost,2019-12-14 11:05:06
623,comment,2019-09-17 08:32:29
624,register,2019-10-27 16:22:03
625,createPost,2019-12-21 17:58:49
626,createPost,2019-09-15 10:34:39
627,comment,2019-08-11 06:42:04
628,createPost,2019-09-21 16:11:53
629,register,2019-08-14 07:23:55
630,register,2019-09-22 16:00:49
631,register,2019-09-10 21:56:20
632,createPost,2019-12-01 09:15:12
633,register,2019-08-06 02:33:44
634,comment,2019-10-30 04:05:55
635,comment,2019-11-21 19:26:02
636,register,2019-12-22 21:43:48
637,createPost,2019-12-22 16:21:13
638,register,2019-09-14 03:25:22
639,register,2019-12-27 13:51:58
640,createPost,2019-10-14 08:32:01
641,register,2019-09-21 09:42:10
642,createPost,2019-12-18 13:38:30
643,createPost,2019-10-22 04:47:08
644,register,2019-11-13 15:40:15
645,comment,2019-09-04 03:17:35
646,createPost,2019-10-27 05:47:48
647,register,2019-09-16 02:06:01
648,register,2019-09-19 22:33:44
649,comment,2019-11-06 19:24:03
650,comment,2019-10-14 09:59:24
651,createPost,2019-11-29 18:56:41
652,register,2019-09-10 08:01:14
653,register,2019-09-14 12:56:26
654,register,2019-11-01 02:29:56
655,register,2019-09-27 05:41:23
656,register,2019-08-24 13:11:44
657,createPost,2019-11-08 12:48:55
658,comment,2019-10-17 00:00:34
659,createPost,2019-08-18 06:35:12
660,createPost,2019-09-15 06:07:38
661,register,2019-09-30 15:52:04
662,register,2019-11-21 01:47:41
663,comment,2019-10-06 23:20:58
664,register,2019-11-20 17:50:03
665,register,2019-10-11 22:20:33
666,createPost,2019-10-20 13:14:02
667,comment,2019-08-12 15:37:25
668,createPost,2019-09-01 01:51:05
669,createPost,2019-12-22 03:37:58
670,comment,2019-08-09 07:36:02
671,createPost,2019-09-27 09:21:43
672,register,2019-11-09 21:14:40
673,comment,2019-10-13 17:48:53
674,comment,2019-12-12 19:18:46
675,register,2019-09-06 13:50:58
676,register,2019-09-05 00:50:03
677,createPost,2019-09-19 06:32:16
678,register,2019-11-15 08:23:54
679,comment,2019-11-17 06:27:17
680,createPost,2019-10-11 02:21:14
681,comment,2019-11-27 05:59:04
682,register,2019-10-30 13:44:19
683,comment,2019-08-19 09:48:38
684,createPost,2019-08-18 03:50:22
685,register,2019-12-16 14:14:31
686,comment,2019-08-28 07:11:02
687,comment,2019-11-15 10:17:31
688,comment,2019-09-27 17:29:16
689,comment,2019-11-27 10:10:20
690,comment,2019-08-24 09:55:05
691,createPost,2019-10-06 07:53:46
692,register,2019-10-08 03:53:21
693,comment,2019-08-04 06:20:41
694,comment,2019-08-15 16:22:53
695,createPost,2019-12-30 17:15:45
696,createPost,2019-09-23 20:52:13
697,register,2019-11-16 09:50:06
698,register,2019-10-04 16:30:52
699,createPost,2019-11-27 23:57:14
700,createPost,2019-12-05 17:02:33
701,createPost,2019-08-30 15:11:09
702,comment,2019-12-16 15:47:41
703,comment,2019-12-19 00:45:43
704,comment,2019-11-07 21:24:03
705,register,2019-10-09 06:38:56
706,register,2019-09-01 09:09:53
707,createPost,2019-12-06 03:20:23
708,comment,2019-09-23 10:44:02
709,register,2019-10-22 10:42:02
710,register,2019-12-14 19:51:56
711,comment,2019-12-11 16:37:04
712,register,2019-08-06 11:23:40
713,register,2019-11-22 13:41:34
714,createPost,2019-09-04 14:39:47
715,createPost,2019-10-07 19:33:56
716,register,2019-12-21 15:27:45
717,createPost,2019-10-13 02:07:37
718,register,2019-12-24 09:23:51
719,createPost,2019-09-12 07:38:57
720,register,2019-11-22 07:28:26
721,createPost,2019-10-03 15:25:32
722,createPost,2019-09-15 09:16:53
723,createPost,2019-09-30 11:34:20
724,register,2019-11-28 08:38:53
725,comment,2019-11-29 19:03:53
726,comment,2019-10-11 10:32:51
727,createPost,2019-12-04 21:11:30
728,createPost,2019-10-29 06:21:48
729,createPost,2019-11-23 23:49:36
730,register,2019-10-19 04:50:30
731,register,2019-09-30 04:15:21
732,comment,2019-08-27 18:46:18
733,comment,2019-08-02 01:10:06
734,register,2019-10-02 12:07:47
735,createPost,2019-08-18 01:32:44
736,comment,2019-11-21 19:18:12
737,createPost,2019-09-23 21:04:18
738,register,2019-08-25 19:52:12
739,createPost,2019-08-02 12:20:27
740,register,2019-10-12 12:53:15
741,createPost,2019-09-24 14:17:16
742,comment,2019-11-12 05:44:45
743,createPost,2019-08-24 08:39:31
744,comment,2019-08-04 00:26:39
745,register,2019-12-02 09:27:35
746,comment,2019-11-18 18:51:56
747,comment,2019-09-14 10:26:52
748,register,2019-08-25 18:06:15
749,register,2019-09-04 09:14:28
750,comment,2019-12-29 22:47:16
751,createPost,2019-10-16 11:39:10
752,createPost,2019-10-03 19:40:58
753,register,2019-10-01 19:17:08
754,createPost,2019-08-17 07:31:19
755,createPost,2019-08-28 11:15:44
756,comment,2019-10-19 07:40:52
757,comment,2019-10-13 05:34:08
758,createPost,2019-09-20 15:50:54
759,register,2019-11-17 00:43:03
760,createPost,2019-08-10 23:08:16
761,comment,2019-10-28 18:14:10
762,comment,2019-11-15 11:31:19
763,register,2019-11-16 12:53:05
764,register,2019-10-23 14:11:14
765,comment,2019-11-28 09:00:06
766,createPost,2019-12-20 21:28:42
767,createPost,2019-11-02 18:12:15
768,register,2019-11-23 08:17:27
769,createPost,2019-10-20 14:33:10
770,comment,2019-10-07 03:34:27
771,comment,2019-12-29 05:47:10
772,comment,2019-08-29 22:08:39
773,register,2019-08-02 19:09:46
774,comment,2019-10-20 22:43:25
775,register,2019-12-02 00:23:21
776,comment,2019-09-19 13:45:40
777,comment,2019-08-13 03:31:04
778,createPost,2019-10-11 23:41:04
779,comment,2019-12-05 23:35:09
780,createPost,2019-09-01 16:23:41
781,createPost,2019-12-08 19:32:36
782,createPost,2019-10-14 18:46:37
783,register,2019-09-02 07:41:00
784,createPost,2019-08-06 13:17:01
785,createPost,2019-12-01 06:32:18
786,comment,2019-11-12 03:32:11
787,register,2019-12-27 12:14:19
788,register,2019-12-19 04:19:05
789,createPost,2019-10-29 05:50:37
790,comment,2019-12-24 22:27:45
791,createPost,2019-09-02 21:32:39
792,register,2019-11-17 12:26:19
793,register,2019-08-25 18:34:34
794,register,2019-12-01 11:17:54
795,comment,2019-10-24 08:51:23
796,comment,2019-10-12 12:34:21
797,register,2019-08-09 11:18:20
798,createPost,2019-09-29 11:18:11
799,comment,2019-12-21 09:01:43
800,register,2019-08-04 10:24:39
801,createPost,2019-09-14 04:46:29
802,createPost,2019-11-13 19:08:06
803,createPost,2019-09-07 00:32:59
804,comment,2019-11-18 16:45:27
805,comment,2019-12-08 09:26:24
806,register,2019-10-29 16:55:17
807,createPost,2019-11-04 18:43:27
808,createPost,2019-08-25 08:33:12
809,createPost,2019-09-02 00:26:54
810,createPost,2019-08-01 01:32:28
811,register,2019-11-24 10:54:06
812,comment,2019-11-26 14:30:31
813,createPost,2019-10-25 03:21:23
814,createPost,2019-08-16 22:50:02
815,createPost,2019-10-01 09:10:30
816,register,2019-10-02 04:55:42
817,createPost,2019-11-22 08:14:47
818,comment,2019-10-02 02:19:31
819,comment,2019-10-07 00:29:48
820,register,2019-08-13 04:56:02
821,createPost,2019-10-28 23:31:23
822,createPost,2019-11-14 13:11:58
823,createPost,2019-10-17 18:40:02
824,createPost,2019-08-30 10:13:12
825,createPost,2019-12-26 06:56:42
826,comment,2019-11-28 23:36:08
827,createPost,2019-08-30 13:42:58
828,comment,2019-08-17 21:41:33
829,register,2019-11-08 07:14:21
830,comment,2019-10-17 06:26:11
831,createPost,2019-11-02 01:07:16
832,comment,2019-12-30 11:00:44
833,register,2019-11-10 15:46:44
834,register,2019-10-06 06:51:18
835,register,2019-09-08 07:00:03
836,register,2019-09-26 17:01:36
837,createPost,2019-11-10 20:02:28
838,createPost,2019-12-01 13:44:29
839,register,2019-11-02 12:57:52
840,register,2019-10-01 16:03:30
841,register,2019-08-29 17:34:35
842,register,2019-08-11 17:24:40
843,createPost,2019-11-23 18:39:01
844,comment,2019-11-02 06:13:51
845,createPost,2019-08-10 01:20:28
846,register,2019-11-27 07:51:03
847,comment,2019-11-22 12:04:07
848,comment,2019-12-08 09:49:36
849,createPost,2019-08-09 18:55:47
850,comment,2019-09-25 23:16:26
851,register,2019-08-28 05:14:27
852,register,2019-12-27 05:50:27
853,comment,2019-11-07 04:49:14
854,createPost,2019-08-19 06:11:50
855,createPost,2019-09-25 09:06:55
856,createPost,2019-12-22 22:24:25
857,register,2019-10-22 08:49:07
858,comment,2019-12-01 09:25:16
859,register,2019-12-23 18:09:11
860,register,2019-08-03 08:39:47
861,comment,2019-10-20 17:49:35
862,register,2019-11-26 03:37:07
863,createPost,2019-11-05 13:35:25
864,createPost,2019-12-21 00:41:40
865,comment,2019-09-15 01:49:14
866,createPost,2019-11-21 01:57:01
867,register,2019-08-01 01:39:17
868,createPost,2019-10-04 09:56:52
869,register,2019-12-02 12:44:50
870,createPost,2019-09-11 04:31:35
871,createPost,2019-10-08 22:22:15
872,register,2019-12-02 17:42:08
873,comment,2019-12-22 00:00:38
874,createPost,2019-08-20 05:27:23
875,createPost,2019-08-07 20:00:22
876,createPost,2019-09-06 05:34:44
877,createPost,2019-10-26 17:58:52
878,createPost,2019-08-03 02:10:58
879,register,2019-09-24 05:43:31
880,createPost,2019-12-05 21:30:28
881,register,2019-11-13 00:30:00
882,createPost,2019-09-21 03:54:22
883,register,2019-09-18 10:04:34
884,comment,2019-12-21 08:03:29
885,comment,2019-11-17 16:11:00
886,createPost,2019-10-01 07:15:00
887,comment,2019-11-20 15:45:17
888,createPost,2019-09-29 14:14:22
889,createPost,2019-09-04 18:11:22
890,register,2019-09-26 14:19:53
891,register,2019-09-16 00:47:48
892,createPost,2019-09-07 12:39:45
893,register,2019-10-25 17:05:06
894,comment,2019-08-19 04:37:38
895,createPost,2019-11-26 12:09:30
896,createPost,2019-10-28 16:48:02
897,createPost,2019-11-29 14:37:33
898,createPost,2019-09-06 22:46:44
899,register,2019-09-07 02:04:33
900,comment,2019-10-11 14:31:05
901,createPost,2019-10-31 12:15:16
902,comment,2019-11-13 16:56:18
903,createPost,2019-08-31 18:16:23
904,register,2019-12-20 04:18:00
905,register,2019-08-18 09:43:14
906,comment,2019-10-03 00:39:01
907,register,2019-09-12 04:52:38
908,comment,2019-09-01 04:38:26
909,register,2019-09-20 06:54:04
910,comment,2019-10-15 05:34:21
911,comment,2019-12-14 05:35:44
912,comment,2019-09-28 02:06:18
913,comment,2019-08-04 16:56:39
914,register,2019-10-19 21:10:35
915,comment,2019-09-18 19:29:59
916,createPost,2019-08-01 13:10:46
917,createPost,2019-08-08 00:06:07
918,comment,2019-10-09 13:50:10
919,register,2019-12-01 22:00:08
920,comment,2019-11-29 18:05:09
921,createPost,2019-08-19 17:29:36
922,register,2019-12-12 03:38:51
923,register,2019-12-24 04:51:14
924,comment,2019-12-07 02:49:56
925,comment,2019-08-15 02:22:40
926,register,2019-09-07 23:23:03
927,createPost,2019-09-17 06:47:30
928,comment,2019-09-22 15:31:53
929,register,2019-11-09 11:13:04
930,register,2019-08-19 00:45:43
931,comment,2019-11-27 02:12:44
932,createPost,2019-12-14 10:20:28
933,register,2019-08-31 14:43:05
934,register,2019-12-07 18:24:30
935,register,2019-12-29 17:09:53
936,register,2019-10-19 17:40:34
937,register,2019-10-02 13:05:25
938,register,2019-12-14 10:42:36
939,createPost,2019-10-21 14:58:30
940,createPost,2019-08-18 17:21:14
941,comment,2019-09-14 03:46:02
942,comment,2019-10-03 03:01:25
943,comment,2019-08-18 03:30:26
944,comment,2019-11-21 17:29:01
945,createPost,2019-11-01 06:55:07
946,createPost,2019-10-18 06:55:20
947,comment,2019-11-02 17:27:37
948,comment,2019-10-14 23:08:40
949,comment,2019-12-11 19:47:19
950,register,2019-12-03 13:06:05
951,register,2019-11-04 11:22:58
952,createPost,2019-10-10 06:14:39
953,createPost,2019-12-26 15:39:52
954,comment,2019-08-14 07:36:38
955,createPost,2019-12-17 01:48:38
956,comment,2019-10-02 00:29:02
957,register,2019-10-28 03:43:53
958,createPost,2019-11-13 07:15:27
959,createPost,2019-08-20 17:31:54
960,register,2019-09-10 12:45:53
961,register,2019-09-05 23:34:46
962,comment,2019-09-24 03:40:34
963,comment,2019-12-28 12:25:12
964,createPost,2019-08-18 22:37:46
965,register,2019-10-19 13:19:06
966,register,2019-09-03 16:53:07
967,createPost,2019-11-03 17:19:06
968,createPost,2019-09-24 09:31:04
969,register,2019-09-29 10:42:17
970,comment,2019-11-15 18:48:59
971,createPost,2019-10-11 23:36:14
972,comment,2019-12-16 15:54:54
973,comment,2019-12-25 18:53:36
974,createPost,2019-09-12 00:33:42
975,createPost,2019-11-02 23:47:35
976,createPost,2019-09-09 22:55:55
977,register,2019-10-12 21:57:35
978,register,2019-09-30 17:03:11
979,createPost,2019-11-27 16:18:50
980,createPost,2019-10-31 12:24:07
981,comment,2019-10-27 21:25:34
982,createPost,2019-12-23 16:55:31
983,createPost,2019-11-12 17:56:39
984,comment,2019-09-03 08:12:14
985,comment,2019-09-27 20:29:57
986,comment,2019-12-06 13:13:30
987,comment,2019-09-05 05:04:19
988,createPost,2019-08-28 22:10:49
989,register,2019-10-07 21:39:17
990,comment,2019-12-27 05:34:52
991,register,2019-11-08 19:59:43
992,register,2019-08-20 21:39:41
993,comment,2019-11-28 05:25:30
994,register,2019-08-04 03:08:42
995,register,2019-12-25 15:24:24
996,comment,2019-12-24 05:18:55
997,createPost,2019-10-23 19:28:58
998,createPost,2019-12-06 06:29:53
999,createPost,2019-10-01 15:22:53
1000,createPost,2019-10-22 18:34:20
